{"pitch": [-2.0627829248242118, 24.212600041862583, 113.92235124618746, 23.649257952904513], "energy": [-1.2563774585723877, 8.101374626159668, 53.137004593724896, 41.83613803896835]}